<?xml version="1.0" encoding="UTF-8"?>
<beans xmlns="http://www.springframework.org/schema/beans"
       xmlns:xsi="http://www.w3.org/2001/XMLSchema-instance"
       xmlns:mybatis-spring="http://mybatis.org/schema/mybatis-spring"
       xmlns:context="http://www.springframework.org/schema/context"
       xmlns:tx="http://www.springframework.org/schema/tx"
       xmlns:task="http://www.springframework.org/schema/task"
       xsi:schemaLocation="http://www.springframework.org/schema/beans https://www.springframework.org/schema/beans/spring-beans.xsd
    http://www.springframework.org/schema/context https://www.springframework.org/schema/context/spring-context.xsd
    http://mybatis.org/schema/mybatis-spring http://mybatis.org/schema/mybatis-spring.xsd
    http://www.springframework.org/schema/tx http://www.springframework.org/schema/tx/spring-tx.xsd
    http://www.springframework.org/schema/task 
    http://www.springframework.org/schema/task/spring-task.xsd">

    <!-- db 관련 설정 properties 를 읽어온다... -->
    <bean id="propertyPlaceholderConfigurer" class="org.springframework.beans.factory.config.PropertyPlaceholderConfigurer">
        <property name="locations" value="classpath:configuration/db.properties"/>
    </bean>

    <mybatis-spring:scan base-package="kr.exam.springs"/>

    <!-- Service, Repository 컴포넌트 스캔 (Controller 제외) -->
    <context:component-scan base-package="kr.exam.springs">
        <context:exclude-filter type="annotation" expression="org.springframework.stereotype.Controller"/>
        <context:exclude-filter type="annotation" expression="org.springframework.web.bind.annotation.RestController"/>
    </context:component-scan>

    <!-- 실제 HikariCP DataSource -->
    <bean id="hikariDataSource" class="com.zaxxer.hikari.HikariDataSource" destroy-method="close">
        <property name="driverClassName" value="${database.driver}" />
        <property name="jdbcUrl" value="${database.url}" />
        <property name="username" value="${database.username}" />
        <property name="password" value="${database.password}" />

        <!-- HikariCP 설정 -->
        <property name="maximumPoolSize" value="20" />
        <property name="minimumIdle" value="5" />
        <property name="connectionTimeout" value="30000" />
        <property name="idleTimeout" value="600000" />
        <property name="maxLifetime" value="1800000" />
        <property name="leakDetectionThreshold" value="60000" />
    </bean>

    
    

    <!-- SqlSessionFactory 설정 -->
    <bean id="sqlSessionFactory" class="org.mybatis.spring.SqlSessionFactoryBean">
        <property name="configLocation" value="classpath:mybatis-config.xml"></property>
        <property name="mapperLocations" value="classpath*:sql/**/*.xml"/>
        <property name="dataSource" ref="hikariDataSource" />
    </bean>

    <!-- SqlSessionTemplate 설정 -->
    <bean id="sqlSessionTemplate" class="org.mybatis.spring.SqlSessionTemplate">
        <constructor-arg index="0" ref="sqlSessionFactory" />
    </bean>

    <!-- Transaction Manager 설정 (hikariDataSource 참조) -->
    <bean id="transactionManager" class="org.springframework.jdbc.datasource.DataSourceTransactionManager">
        <property name="dataSource" ref="hikariDataSource" />
    </bean>

    <!-- Transaction Template 설정 -->
    <bean id="transactionTemplate" class="org.springframework.transaction.support.TransactionTemplate">
        <property name="transactionManager" ref="transactionManager" />
    </bean>

    <!-- Transaction 어노테이션 활성화 -->
    <tx:annotation-driven transaction-manager="transactionManager" />
    <task:annotation-driven />

</beans>