<?xml version="1.0" encoding="UTF-8"?>
<beans:beans xmlns="http://www.springframework.org/schema/mvc"
             xmlns:xsi="http://www.w3.org/2001/XMLSchema-instance"
             xmlns:beans="http://www.springframework.org/schema/beans"
             xmlns:context="http://www.springframework.org/schema/context"
             xmlns:p="http://www.springframework.org/schema/p"
             xsi:schemaLocation="http://www.springframework.org/schema/mvc https://www.springframework.org/schema/mvc/spring-mvc.xsd
       http://www.springframework.org/schema/beans https://www.springframework.org/schema/beans/spring-beans.xsd
       http://www.springframework.org/schema/context https://www.springframework.org/schema/context/spring-context.xsd">

    <!-- 서블릿 관련 설정을 위한 xml -->

    <!-- Spring MVC 어노테이션 기반 설정 활성화 -->
    <annotation-driven>
        <!-- JSON 응답을 위한 메시지 컨버터 설정 -->
        <message-converters>
            <beans:bean class="org.springframework.http.converter.json.MappingJackson2HttpMessageConverter">
                <beans:property name="supportedMediaTypes">
                    <beans:list>
                        <beans:value>application/json</beans:value>
                        <beans:value>text/html;charset=UTF-8</beans:value>
                    </beans:list>
                </beans:property>
            </beans:bean>
        </message-converters>
    </annotation-driven>

    <!-- 컴포넌트 스캔 (Controller만 스캔) -->
    <context:component-scan base-package="kr.exam.springs" use-default-filters="false">
        <context:include-filter type="annotation" expression="org.springframework.stereotype.Controller"/>
        <context:include-filter type="annotation" expression="org.springframework.web.bind.annotation.RestController"/>
    </context:component-scan>


    <!-- View Resolver 설정 -->
    <!-- 1순위: Bean Name View Resolver (JSON 응답용) -->
    <beans:bean id="beanNameViewResolver"
                class="org.springframework.web.servlet.view.BeanNameViewResolver"
                p:order="1"/>

    <!-- 2순위: JSP View Resolver -->
    <beans:bean class="org.springframework.web.servlet.view.InternalResourceViewResolver">
        <beans:property name="order" value="2" />
        <beans:property name="prefix" value="/WEB-INF/views/" />
        <beans:property name="suffix" value=".jsp" />
        <beans:property name="contentType" value="text/html;charset=UTF-8" />
    </beans:bean>

    <!-- 정적 리소스 처리 (캐시 기간 1년) -->
    <resources location="/resources/" mapping="/resources/**" cache-period="31556926" />

    <!-- WebJars 리소스 처리 (Bootstrap, jQuery 등) -->
    <resources location="classpath:/META-INF/resources/webjars/" mapping="/webjars/**" cache-period="31556926" />

    <!-- 파일 업로드 설정 -->
    <beans:bean id="multipartResolver" class="org.springframework.web.multipart.commons.CommonsMultipartResolver">
        <!-- 업로드 최대 용량 (약 50MB) -->
        <beans:property name="maxUploadSize" value="52428800" />
        <!-- 메모리에서 처리할 최대 크기 (1MB) -->
        <beans:property name="maxInMemorySize" value="1048576" />
        <!-- 기본 인코딩 -->
        <beans:property name="defaultEncoding" value="UTF-8" />
    </beans:bean>

    <!-- JSON View 설정 -->
    <beans:bean id="jsonView" class="org.springframework.web.servlet.view.json.MappingJackson2JsonView">
        <beans:property name="contentType" value="application/json;charset=UTF-8"/>
        <!-- JSON pretty print 설정 (개발 시 가독성 향상) -->
        <beans:property name="prettyPrint" value="true"/>
    </beans:bean>

    <!-- 예외 처리 설정 -->
    <beans:bean class="org.springframework.web.servlet.handler.SimpleMappingExceptionResolver">
        <beans:property name="exceptionMappings">
            <beans:props>
                <beans:prop key="java.lang.Exception">error/error</beans:prop>
                <beans:prop key="java.lang.RuntimeException">error/error</beans:prop>
            </beans:props>
        </beans:property>
        <beans:property name="defaultErrorView" value="error/error"/>
    </beans:bean>

</beans:beans>