<?xml version="1.0" encoding="UTF-8"?>
<!DOCTYPE mapper PUBLIC "-//mybatis.org//DTD Mapper 3.0//EN" "http://mybatis.org/dtd/mybatis-3-mapper.dtd">

<mapper namespace="kr.exam.springs.user.mapper.UserMapper">

	<select id="getLoginUser" parameterType="map"
		resultType="loginUser">

		select user_id,
		user_name,
		birth
		from users
		where user_id = #{userId}
		and passwd = #{passwd}

	</select>

	<select id="getAllUserCount" parameterType="map"
		resultType="int">


		select count(*) as cnt
		from users

	</select>

	<select id="getUserList" parameterType="map" resultType="users">


		select *
		from users
		<where>
			<if test="type neq null and  searchText neq null">
				<choose>
					<when test="type eq 'userId' ">
						and user_id like concat('%', #{searchText}, '%')
					</when>
					<when test="type eq 'userName' ">
						and user_name like concat('%', #{searchText}, '%')
					</when>
				</choose>
			</if>
		</where>
		order by user_name asc
		limit #{offSet}, #{count}


	</select>
	
	
	<!-- 중복체크 -->
	<select id="checkId" parameterType="map" resultType="int">
		select count(*) cnt
		from users where user_id =#{userId} 
	</select>
	<!-- 회원가입정보 저장 -->
	<insert id="addUser" parameterType="users">
		INSERT INTO users(user_id, user_name, passwd, birth, phone, email)
		VALUES (#{userId}, #{userName}, #{passwd}, #{birth}, #{phone}, #{email})
	</insert>

</mapper>